post_id,user_id,user_name,fullname,content
1743180709803716,,,,"#nghiensachreview
Hôm trước có bác review khăn tắm xô muslin, e đọc đc nên rinh thử 1 ẻm khăn tắm và 1 set khăn mặt về, đúng là chân ái thật các bác ạ, em mua nhà này thấy khăn mềm mà khoản thấm hút đúng ko ai bằng luôn 🤣🤣🤣
Định mua thử về dùng xem ok thì mới mua tiếp, giờ thì e thay cả dàn khăn tắm và khăn mặt ở nhà
Ảnh em lấy của cái c e mua khăn, chứ khăn nhà e giờ trong nhà tắm rồi 🤣🤣🤣
Thật cảm ơn đã biết đến nhóm, nhóm cho em học hỏi rất nhiều, chúc cho nhóm ngày càng phát triển ạ ❤️
[ADMIN GỬI LƯU Ý ĐẾN CÁC THÀNH VIÊN]
-Các chia sẻ tại bài này đều dựa trên trải nghiệm cá nhân của tác giả bài đăng.
Admin không thu bất cứ chi phí nào từ thành viên để được đăng bài, cũng không nhận hoa hồng từ nhãn hàng để duyệt đăng các nội dung liên quan.
- Với các thành viên đã xem bài:
Mọi người lưu ý tìm hiểu thật kĩ, chọn lọc thông tin và không hỏi mua, trao đổi thông tin mua bán tại bài viết này. Mọi người có thể nhắn riêng cho tác giả hoặc chủ động tìm hiểu thông tin nhé.
- Từ tác giả chia sẻ:
Trên đây là chia sẻ chân thực của mình qua quá trình sử dụng sản phẩm, mình cam kết và chịu trách nhiệm với những thông tin đã chia sẻ là đúng sự thật."
